﻿<?xml version="1.0" encoding="utf-8"?>
<deployment>
  <id>b78db4f8-783d-4d4b-b886-66c3d22f5dbf</id>
  <author>N/A</author>
  <deployer>Push-Deployer</deployer>
  <authorEmail>N/A</authorEmail>
  <message>Created via a push deployment</message>
  <progress></progress>
  <status>Success</status>
  <statusText></statusText>
  <lastSuccessEndTime>2025-10-22T23:21:08.7720642Z</lastSuccessEndTime>
  <receivedTime>2025-10-22T23:20:59.1182373Z</receivedTime>
  <startTime>2025-10-22T23:21:00.4095974Z</startTime>
  <endTime>2025-10-22T23:21:08.7720642Z</endTime>
  <complete>True</complete>
  <is_temp>False</is_temp>
  <is_readonly>True</is_readonly>
  <buildSummary />
</deployment>