<step title="Incoming Request" date="2025-10-22T21:50:15.523" instance="2f0d54" url="/api/zipdeploy?isAsync=true" method="POST" type="request" pid="821,1,37" Accept="application/json" Host="app-rixoirdj4a3x6.scm.azurewebsites.net" User-Agent="azsdk-go-zip-deploy/1.0.0 (go1.25.0 X:loopvar; Windows_NT),azdev/1.20.1 (Go go1.25.0 X:loopvar; windows/amd64)" Accept-Encoding="gzip" Authorization="Bea..." Content-Type="application/octet-stream" Content-Length="273674214" x-ms-correlation-request-id="8692ad0c7ec9f041292f41107259d9cc" X-ARR-LOG-ID="8692ad0c-7ec9-f041-292f-41107259d9cc" CLIENT-IP="213.173.40.89:52809" X-SITE-DEPLOYMENT-ID="app-rixoirdj4a3x6" WAS-DEFAULT-HOSTNAME="app-rixoirdj4a3x6.scm.azurewebsites.net" X-Forwarded-Proto="https" X-AppService-Proto="https" X-Forwarded-TlsVersion="1.3" X-WAWS-Unencoded-URL="/api/zipdeploy?isAsync=true" X-Client-IP="213.173.40.89" X-Client-Port="52809" >
  <step title="Cleanup Xml Logs" date="2025-10-22T21:50:15.525" /><!-- duration: 3ms -->
  <step title="ZipPushDeploy" date="2025-10-22T21:50:15.536" >
    <step title="ZipDeploy. Extract zip. Remote build." date="2025-10-22T21:50:15.540" /><!-- duration: 2ms -->
    <step title="Starting PushDeployAsync" date="2025-10-22T21:50:15.544" /><!-- duration: 1ms -->
    <step title="Writing artifact to /tmp/zipdeploy/b7009094-7098-4a6e-94ce-f0e9aa494cd3.zip" date="2025-10-22T21:50:15.549" >
      <step title="Writing multipart request body to /tmp/zipdeploy/b7009094-7098-4a6e-94ce-f0e9aa494cd3.zip" date="2025-10-22T21:50:15.553" /><!-- duration: 2ms -->
    </step><!-- duration: 21916ms -->
    <step title="Start deployment in the background" date="2025-10-22T21:50:37.471" >
      <step title="Acquiring Deployment Lock" date="2025-10-22T21:50:37.490" /><!-- duration: 1ms -->
      <step title="Acquired Deployment Lock" date="2025-10-22T21:50:37.509" /><!-- duration: 1ms -->
    </step><!-- duration: 100ms -->
  </step><!-- duration: 22037ms -->
  <step title="Outgoing response" date="2025-10-22T21:50:37.575" type="response" statusCode="202" statusText="Accepted" /><!-- duration: 1ms -->
</step><!-- duration: 22054ms -->
