<step title="Incoming Request" date="2025-10-22T21:46:58.082" instance="2f0d54" url="/api/zipdeploy?isAsync=true" method="POST" type="request" pid="821,1,42" Accept="application/json" Host="app-rixoirdj4a3x6.scm.azurewebsites.net" User-Agent="azsdk-go-zip-deploy/1.0.0 (go1.25.0 X:loopvar; Windows_NT),azdev/1.20.1 (Go go1.25.0 X:loopvar; windows/amd64)" Accept-Encoding="gzip" Authorization="Bea..." Content-Type="application/octet-stream" Content-Length="273674049" x-ms-correlation-request-id="d4f7d4f2f382f7cb5a8102cf6e103000" X-ARR-LOG-ID="d4f7d4f2-f382-f7cb-5a81-02cf6e103000" CLIENT-IP="213.173.40.89:61387" X-SITE-DEPLOYMENT-ID="app-rixoirdj4a3x6" WAS-DEFAULT-HOSTNAME="app-rixoirdj4a3x6.scm.azurewebsites.net" X-Forwarded-Proto="https" X-AppService-Proto="https" X-Forwarded-TlsVersion="1.3" X-WAWS-Unencoded-URL="/api/zipdeploy?isAsync=true" X-Client-IP="213.173.40.89" X-Client-Port="61387" >
  <step title="Cleanup Xml Logs" date="2025-10-22T21:46:58.084" /><!-- duration: 3ms -->
  <step title="ZipPushDeploy" date="2025-10-22T21:46:58.095" >
    <step title="ZipDeploy. Extract zip. Remote build." date="2025-10-22T21:46:58.098" /><!-- duration: 2ms -->
    <step title="Starting PushDeployAsync" date="2025-10-22T21:46:58.102" /><!-- duration: 1ms -->
    <step title="Writing artifact to /tmp/zipdeploy/916f2e7f-b938-4eb7-81d1-5921525d9966.zip" date="2025-10-22T21:46:58.110" >
      <step title="Writing multipart request body to /tmp/zipdeploy/916f2e7f-b938-4eb7-81d1-5921525d9966.zip" date="2025-10-22T21:46:58.112" /><!-- duration: 2ms -->
    </step><!-- duration: 20402ms -->
    <step title="Start deployment in the background" date="2025-10-22T21:47:18.522" >
      <step title="Acquiring Deployment Lock" date="2025-10-22T21:47:18.541" /><!-- duration: 2ms -->
      <step title="Acquired Deployment Lock" date="2025-10-22T21:47:18.608" /><!-- duration: 2ms -->
    </step><!-- duration: 124ms -->
  </step><!-- duration: 20554ms -->
  <step title="Outgoing response" date="2025-10-22T21:47:18.653" type="response" statusCode="202" statusText="Accepted" /><!-- duration: 2ms -->
</step><!-- duration: 20575ms -->
