<step title="Incoming Request" date="2025-10-22T23:20:54.962" instance="2f0d54" url="/api/zipdeploy?isAsync=true" method="POST" type="request" pid="821,1,19" Accept="application/json" Host="app-rixoirdj4a3x6.scm.azurewebsites.net" User-Agent="azsdk-go-zip-deploy/1.0.0 (go1.25.0 X:loopvar; linux),azdev/1.20.1 (Go go1.25.0 X:loopvar; linux/amd64) GhActions" Accept-Encoding="gzip" Authorization="Bea..." Content-Type="application/octet-stream" Content-Length="2865660" x-ms-correlation-request-id="5f959b5b45488fd7269a0b80938df9b2" X-ARR-LOG-ID="5f959b5b-4548-8fd7-269a-0b80938df9b2" CLIENT-IP="20.161.58.226:62480" X-SITE-DEPLOYMENT-ID="app-rixoirdj4a3x6" WAS-DEFAULT-HOSTNAME="app-rixoirdj4a3x6.scm.azurewebsites.net" X-Forwarded-Proto="https" X-AppService-Proto="https" X-Forwarded-TlsVersion="1.3" X-WAWS-Unencoded-URL="/api/zipdeploy?isAsync=true" X-Client-IP="20.161.58.226" X-Client-Port="62480" >
  <step title="Cleanup Xml Logs" date="2025-10-22T23:20:54.964" /><!-- duration: 3ms -->
  <step title="ZipPushDeploy" date="2025-10-22T23:20:54.971" >
    <step title="ZipDeploy. Extract zip." date="2025-10-22T23:20:54.974" /><!-- duration: 1ms -->
    <step title="Starting PushDeployAsync" date="2025-10-22T23:20:54.978" /><!-- duration: 2ms -->
    <step title="Writing artifact to /tmp/zipdeploy/c59a7221-a38d-44c4-8420-4862e2fc835f.zip" date="2025-10-22T23:20:54.985" >
      <step title="Writing multipart request body to /tmp/zipdeploy/c59a7221-a38d-44c4-8420-4862e2fc835f.zip" date="2025-10-22T23:20:54.986" /><!-- duration: 1ms -->
    </step><!-- duration: 708ms -->
    <step title="Start deployment in the background" date="2025-10-22T23:20:55.696" >
      <step title="Acquiring Deployment Lock" date="2025-10-22T23:20:55.702" /><!-- duration: 1ms -->
      <step title="Acquired Deployment Lock" date="2025-10-22T23:20:55.721" /><!-- duration: 2ms -->
    </step><!-- duration: 79ms -->
  </step><!-- duration: 805ms -->
  <step title="Outgoing response" date="2025-10-22T23:20:55.779" type="response" statusCode="202" statusText="Accepted" /><!-- duration: 1ms -->
</step><!-- duration: 819ms -->
