<step title="Incoming Request" date="2025-10-22T21:29:51.975" instance="2f0d54" url="/api/zipdeploy?isAsync=true" method="POST" type="request" pid="821,1,18" Accept="application/json" Host="app-rixoirdj4a3x6.scm.azurewebsites.net" User-Agent="azsdk-go-zip-deploy/1.0.0 (go1.25.0 X:loopvar; Windows_NT),azdev/1.20.1 (Go go1.25.0 X:loopvar; windows/amd64)" Accept-Encoding="gzip" Authorization="Bea..." Content-Type="application/octet-stream" Content-Length="7849337" x-ms-correlation-request-id="209f9e24e61f1e5f99e889c5e5be3b2c" X-ARR-LOG-ID="209f9e24-e61f-1e5f-99e8-89c5e5be3b2c" CLIENT-IP="213.173.40.89:58116" X-SITE-DEPLOYMENT-ID="app-rixoirdj4a3x6" WAS-DEFAULT-HOSTNAME="app-rixoirdj4a3x6.scm.azurewebsites.net" X-Forwarded-Proto="https" X-AppService-Proto="https" X-Forwarded-TlsVersion="1.3" X-WAWS-Unencoded-URL="/api/zipdeploy?isAsync=true" X-Client-IP="213.173.40.89" X-Client-Port="58116" >
  <step title="ZipPushDeploy" date="2025-10-22T21:29:52.176" >
    <step title="ZipDeploy. Extract zip. Remote build." date="2025-10-22T21:29:52.182" /><!-- duration: 2ms -->
    <step title="None repository commit" date="2025-10-22T21:29:52.189" >
      <step title="Commit id: 9396cbd6-9b97-40e7-ac5e-bf51d318ca9f" date="2025-10-22T21:29:52.191" Message="N/A" AuthorName="N/A" AuthorEmail="N/A" /><!-- duration: 2ms -->
    </step><!-- duration: 6ms -->
    <step title="Starting PushDeployAsync" date="2025-10-22T21:29:52.196" /><!-- duration: 1ms -->
    <step title="Writing artifact to /tmp/zipdeploy/f39444cd-8727-4491-ace0-8cd071ef1589.zip" date="2025-10-22T21:29:52.210" >
      <step title="Writing multipart request body to /tmp/zipdeploy/f39444cd-8727-4491-ace0-8cd071ef1589.zip" date="2025-10-22T21:29:52.214" /><!-- duration: 2ms -->
    </step><!-- duration: 223ms -->
    <step title="Start deployment in the background" date="2025-10-22T21:29:52.438" >
      <step title="Acquiring Deployment Lock" date="2025-10-22T21:29:52.447" /><!-- duration: 2ms -->
      <step title="Acquired Deployment Lock" date="2025-10-22T21:29:52.480" /><!-- duration: 2ms -->
    </step><!-- duration: 96ms -->
  </step><!-- duration: 362ms -->
  <step title="Outgoing response" date="2025-10-22T21:29:52.546" type="response" statusCode="202" statusText="Accepted" /><!-- duration: 2ms -->
</step><!-- duration: 574ms -->
