<step title="BackgroundTrace" date="2025-10-22T23:20:55.698" instance="2f0d54" url="/api/zipdeploy" method="POST" >
  <step title="Creating temporary deployment - FetchDeploymentManager" date="2025-10-22T23:20:55.724" /><!-- duration: 1ms -->
  <step title="Creating temporary deployment" date="2025-10-22T23:20:55.727" /><!-- duration: 41ms -->
  <step title="Performing fetch based deployment" date="2025-10-22T23:20:55.804" >
    <step title="Cleaning up temp folders from previous zip deployments and extracting pushed zip file /tmp/zipdeploy/c59a7221-a38d-44c4-8420-4862e2fc835f.zip (2.73 MB) to /tmp/zipdeploy/extracted" date="2025-10-22T23:20:56.955" >
      <step title="ChmodRecursive Process exited with total time taken in ms: 12" date="2025-10-22T23:20:57.084" /><!-- duration: 2ms -->
    </step><!-- duration: 132ms -->
    <step title="Deployment timer started" date="2025-10-22T23:20:59.090" >
      <step title="DeploymentManager.Deploy(id:b78db4f8-783d-4d4b-b886-66c3d22f5dbf)" date="2025-10-22T23:20:59.093" >
        <step title="Collecting changeset information" date="2025-10-22T23:20:59.098" /><!-- duration: 67ms -->
        <step title="Updating submodules" date="2025-10-22T23:20:59.168" /><!-- duration: 1111ms -->
        <step title="Determining deployment builder" date="2025-10-22T23:21:00.471" >
          <step title="Builder is BasicBuilder" date="2025-10-22T23:21:00.485" /><!-- duration: 3ms -->
        </step><!-- duration: 20ms -->
        <step title="PreDeployment: context.CleanOutputPath False" date="2025-10-22T23:21:00.548" >
          <step title="PreDeployment: context.OutputPath /home/site/wwwroot" date="2025-10-22T23:21:00.701" >
            <step title="Building" date="2025-10-22T23:21:00.826" >
              <step title="Executing external process" date="2025-10-22T23:21:01.100" type="process" path="starter.sh" arguments="/opt/Kudu/Scripts/parallel_rsync.sh /tmp/zipdeploy/extracted /home/site/wwwroot 8 /tmp/ False True  " /><!-- duration: 7007ms -->
              <step title="Triggering recycle (preview mode disabled)." date="2025-10-22T23:21:08.380" /><!-- duration: 1ms -->
              <step title="Modified file to trigger a restart of the app container." date="2025-10-22T23:21:08.399" /><!-- duration: 1ms -->
              <step title="Skip function trigger and logicapp sync because function is not enabled." date="2025-10-22T23:21:08.403" /><!-- duration: 2ms -->
            </step><!-- duration: 8371ms -->
          </step><!-- duration: 8499ms -->
          <step title="Cleaning up temp files" date="2025-10-22T23:21:09.201" /><!-- duration: 2ms -->
          <step title="Cleaning up temp files" date="2025-10-22T23:21:09.204" /><!-- duration: 502ms -->
          <step title="Reloading status file with latest updates" date="2025-10-22T23:21:09.747" >
            <step title="WebHooksManager.PublishEventAsync: PostDeployment" date="2025-10-22T23:21:09.748" /><!-- duration: 15ms -->
          </step><!-- duration: 18ms -->
          <step title="Cleaning up temporary deployment - fetch deployment was successful" date="2025-10-22T23:21:09.767" /><!-- duration: 1ms -->
        </step><!-- duration: 9294ms -->
      </step><!-- duration: 10789ms -->
