<step title="Incoming Request" date="2025-10-22T22:57:22.465" instance="2f0d54" url="/api/zipdeploy?isAsync=true" method="POST" type="request" pid="821,1,5" Accept="application/json" Host="app-rixoirdj4a3x6.scm.azurewebsites.net" User-Agent="azsdk-go-zip-deploy/1.0.0 (go1.25.0 X:loopvar; Windows_NT),azdev/1.20.1 (Go go1.25.0 X:loopvar; windows/amd64)" Accept-Encoding="gzip" Authorization="Bea..." Content-Type="application/octet-stream" Content-Length="349329" x-ms-correlation-request-id="adf5f5fc8c6ecd1119f043dd91f3edbf" X-ARR-LOG-ID="adf5f5fc-8c6e-cd11-19f0-43dd91f3edbf" CLIENT-IP="213.173.40.89:52518" X-SITE-DEPLOYMENT-ID="app-rixoirdj4a3x6" WAS-DEFAULT-HOSTNAME="app-rixoirdj4a3x6.scm.azurewebsites.net" X-Forwarded-Proto="https" X-AppService-Proto="https" X-Forwarded-TlsVersion="1.3" X-WAWS-Unencoded-URL="/api/zipdeploy?isAsync=true" X-Client-IP="213.173.40.89" X-Client-Port="52518" >
  <step title="ZipPushDeploy" date="2025-10-22T22:57:22.661" >
    <step title="ZipDeploy. Extract zip." date="2025-10-22T22:57:22.664" /><!-- duration: 2ms -->
    <step title="None repository commit" date="2025-10-22T22:57:22.669" >
      <step title="Commit id: ed367497-2f9b-4e6a-8e0b-4a0e4fa60476" date="2025-10-22T22:57:22.670" Message="N/A" AuthorName="N/A" AuthorEmail="N/A" /><!-- duration: 2ms -->
    </step><!-- duration: 4ms -->
    <step title="Starting PushDeployAsync" date="2025-10-22T22:57:22.675" /><!-- duration: 2ms -->
    <step title="Writing artifact to /tmp/zipdeploy/72fdab4c-578c-4399-821e-cef09be6f6e7.zip" date="2025-10-22T22:57:22.688" >
      <step title="Writing multipart request body to /tmp/zipdeploy/72fdab4c-578c-4399-821e-cef09be6f6e7.zip" date="2025-10-22T22:57:22.692" /><!-- duration: 1ms -->
    </step><!-- duration: 18ms -->
    <step title="Start deployment in the background" date="2025-10-22T22:57:22.712" >
      <step title="Acquiring Deployment Lock" date="2025-10-22T22:57:22.718" /><!-- duration: 2ms -->
      <step title="Acquired Deployment Lock" date="2025-10-22T22:57:22.769" /><!-- duration: 1ms -->
    </step><!-- duration: 128ms -->
  </step><!-- duration: 183ms -->
  <step title="Outgoing response" date="2025-10-22T22:57:22.851" type="response" statusCode="202" statusText="Accepted" /><!-- duration: 2ms -->
</step><!-- duration: 389ms -->
