<step title="Incoming Request" date="2025-10-22T21:31:43.311" instance="2f0d54" url="/api/zipdeploy?isAsync=true" method="POST" type="request" pid="821,1,23" Accept="application/json" Host="app-rixoirdj4a3x6.scm.azurewebsites.net" User-Agent="azsdk-go-zip-deploy/1.0.0 (go1.25.0 X:loopvar; Windows_NT),azdev/1.20.1 (Go go1.25.0 X:loopvar; windows/amd64)" Accept-Encoding="gzip" Authorization="Bea..." Content-Type="application/octet-stream" Content-Length="7849349" x-ms-correlation-request-id="b8a9ae76ef4d10ca6e21aadf7b7370f0" X-ARR-LOG-ID="b8a9ae76-ef4d-10ca-6e21-aadf7b7370f0" CLIENT-IP="213.173.40.89:64846" X-SITE-DEPLOYMENT-ID="app-rixoirdj4a3x6" WAS-DEFAULT-HOSTNAME="app-rixoirdj4a3x6.scm.azurewebsites.net" X-Forwarded-Proto="https" X-AppService-Proto="https" X-Forwarded-TlsVersion="1.3" X-WAWS-Unencoded-URL="/api/zipdeploy?isAsync=true" X-Client-IP="213.173.40.89" X-Client-Port="64846" >
  <step title="Cleanup Xml Logs" date="2025-10-22T21:31:43.313" /><!-- duration: 3ms -->
  <step title="ZipPushDeploy" date="2025-10-22T21:31:43.321" >
    <step title="ZipDeploy. Extract zip. Remote build." date="2025-10-22T21:31:43.325" /><!-- duration: 1ms -->
    <step title="Starting PushDeployAsync" date="2025-10-22T21:31:43.328" /><!-- duration: 2ms -->
    <step title="Writing artifact to /tmp/zipdeploy/a82c2eb3-f205-4bed-8efa-71ad82203b37.zip" date="2025-10-22T21:31:43.334" >
      <step title="Writing multipart request body to /tmp/zipdeploy/a82c2eb3-f205-4bed-8efa-71ad82203b37.zip" date="2025-10-22T21:31:43.335" /><!-- duration: 1ms -->
    </step><!-- duration: 481ms -->
    <step title="Start deployment in the background" date="2025-10-22T21:31:43.818" >
      <step title="Acquiring Deployment Lock" date="2025-10-22T21:31:43.822" /><!-- duration: 2ms -->
      <step title="Acquired Deployment Lock" date="2025-10-22T21:31:43.862" /><!-- duration: 1ms -->
    </step><!-- duration: 117ms -->
  </step><!-- duration: 615ms -->
  <step title="Outgoing response" date="2025-10-22T21:31:43.938" type="response" statusCode="202" statusText="Accepted" /><!-- duration: 1ms -->
</step><!-- duration: 630ms -->
