<step title="BackgroundTrace" date="2025-10-22T21:50:37.478" instance="2f0d54" url="/api/zipdeploy" method="POST" >
  <step title="Cleanup Xml Logs" date="2025-10-22T21:50:37.483" /><!-- duration: 3ms -->
  <step title="Creating temporary deployment - FetchDeploymentManager" date="2025-10-22T21:50:37.512" /><!-- duration: 1ms -->
  <step title="Creating temporary deployment" date="2025-10-22T21:50:37.516" /><!-- duration: 54ms -->
  <step title="Performing fetch based deployment" date="2025-10-22T21:50:37.583" >
    <step title="Cleaning up temp folders from previous zip deployments and extracting pushed zip file /tmp/zipdeploy/b7009094-7098-4a6e-94ce-f0e9aa494cd3.zip (261.00 MB) to /tmp/zipdeploy/extracted" date="2025-10-22T21:50:38.718" >
      <step title="ChmodRecursive Process exited with total time taken in ms: 955" date="2025-10-22T21:50:41.753" /><!-- duration: 4ms -->
    </step><!-- duration: 3042ms -->
    <step title="Deployment timer started" date="2025-10-22T21:50:43.768" >
      <step title="DeploymentManager.Deploy(id:83592fff-3aa0-4f42-a557-7d6cfb85d2a0)" date="2025-10-22T21:50:43.770" >
        <step title="Collecting changeset information" date="2025-10-22T21:50:43.825" /><!-- duration: 374ms -->
        <step title="Updating submodules" date="2025-10-22T21:50:44.202" /><!-- duration: 1113ms -->
        <step title="Determining deployment builder" date="2025-10-22T21:50:45.504" >
          <step title="Builder is OryxBuilder" date="2025-10-22T21:50:45.510" /><!-- duration: 1ms -->
        </step><!-- duration: 8ms -->
        <step title="PreDeployment: context.CleanOutputPath False" date="2025-10-22T21:50:45.555" >
          <step title="PreDeployment: context.OutputPath /home/site/wwwroot" date="2025-10-22T21:50:45.656" >
            <step title="Building" date="2025-10-22T21:50:45.780" >
              <step title="Executing external process" date="2025-10-22T21:50:46.011" type="process" path="bash" arguments="-c &quot;oryx build /tmp/zipdeploy/extracted -o /home/site/wwwroot --platform nodejs --platform-version 20 -p virtualenv_name= --log-file /tmp/build-debug.log  -i /tmp/8de11b50e04ec4f -p compress_node_modules=tar-gz | tee /tmp/oryx-build.log ; exit $PIPESTATUS &quot;" >
                <step title="Process dump" date="2025-10-22T21:51:09.206" exitCode="1" type="processOutput" /><!-- duration: 19ms -->
              </step><!-- duration: 23217ms -->
              <step title="Error occurred" date="2025-10-22T21:51:09.238" type="error" text="npm warn deprecated @studio-freight/lenis@1.0.42: The &apos;@studio-freight/lenis&apos; package has been renamed to &apos;lenis&apos;. Please update your dependencies: npm install lenis and visit the documentation: https://www.npmjs.com/package/lenis
 ⚠ Installing TypeScript as it was not found while loading &quot;next.config.ts&quot;.
 ⨯ Failed to load next.config.ts, see more info here https://nextjs.org/docs/messages/next-config-error

&gt; Build error occurred
Error: Failed to transpile &quot;next.config.ts&quot;.
    at ignore-listed frames {
  [cause]: Error: Cannot find module &apos;typescript&apos;
  Require stack:
  - /tmp/8de11b50e04ec4f/node_modules/next/dist/build/next-config-ts/transpile-config.js
  - /tmp/8de11b50e04ec4f/node_modules/next/dist/server/config.js
  - /tmp/8de11b50e04ec4f/node_modules/next/dist/cli/next-test.js
  - /tmp/8de11b50e04ec4f/node_modules/next/dist/bin/next
      at ignore-listed frames {
    code: &apos;MODULE_NOT_FOUND&apos;,
    requireStack: [
      &apos;/tmp/8de11b50e04ec4f/node_modules/next/dist/build/next-config-ts/transpile-config.js&apos;,
      &apos;/tmp/8de11b50e04ec4f/node_modules/next/dist/server/config.js&apos;,
      &apos;/tmp/8de11b50e04ec4f/node_modules/next/dist/cli/next-test.js&apos;,
      &apos;/tmp/8de11b50e04ec4f/node_modules/next/dist/bin/next&apos;
    ]
  }
}
/bin/bash -c &quot;oryx build /tmp/zipdeploy/extracted -o /home/site/wwwroot --platform nodejs --platform-version 20 -p virtualenv_name= --log-file /tmp/build-debug.log  -i /tmp/8de11b50e04ec4f -p compress_node_modules=tar-gz | tee /tmp/oryx-build.log ; exit $PIPESTATUS &quot;" stackTrace="   at Kudu.Core.Infrastructure.Executable.ExecuteInternal(ITracer tracer, Func`2 onWriteOutput, Func`2 onWriteError, CancellationToken token, Encoding encoding, String arguments, Object[] args) in /tmp/KuduLite/Kudu.Core/Infrastructure/Executable.cs:line 239
   at Kudu.Core.Infrastructure.Executable.ExecuteWithProgressWriter(ILogger logger, ITracer tracer, CancellationToken token, String arguments, Object[] args) in /tmp/KuduLite/Kudu.Core/Infrastructure/Executable.cs:line 118
   at Kudu.Core.Deployment.Generator.ExternalCommandBuilder.RunCommand(DeploymentContext context, String command, Boolean ignoreManifest, CancellationToken token, String message) in /tmp/KuduLite/Kudu.Core/Deployment/Generator/ExternalCommandBuilder.cs:line 122" /><!-- duration: 4ms -->
              <step title="Error occurred" date="2025-10-22T21:51:09.246" type="error" text="npm warn deprecated @studio-freight/lenis@1.0.42: The &apos;@studio-freight/lenis&apos; package has been renamed to &apos;lenis&apos;. Please update your dependencies: npm install lenis and visit the documentation: https://www.npmjs.com/package/lenis
 ⚠ Installing TypeScript as it was not found while loading &quot;next.config.ts&quot;.
 ⨯ Failed to load next.config.ts, see more info here https://nextjs.org/docs/messages/next-config-error

&gt; Build error occurred
Error: Failed to transpile &quot;next.config.ts&quot;.
    at ignore-listed frames {
  [cause]: Error: Cannot find module &apos;typescript&apos;
  Require stack:
  - /tmp/8de11b50e04ec4f/node_modules/next/dist/build/next-config-ts/transpile-config.js
  - /tmp/8de11b50e04ec4f/node_modules/next/dist/server/config.js
  - /tmp/8de11b50e04ec4f/node_modules/next/dist/cli/next-test.js
  - /tmp/8de11b50e04ec4f/node_modules/next/dist/bin/next
      at ignore-listed frames {
    code: &apos;MODULE_NOT_FOUND&apos;,
    requireStack: [
      &apos;/tmp/8de11b50e04ec4f/node_modules/next/dist/build/next-config-ts/transpile-config.js&apos;,
      &apos;/tmp/8de11b50e04ec4f/node_modules/next/dist/server/config.js&apos;,
      &apos;/tmp/8de11b50e04ec4f/node_modules/next/dist/cli/next-test.js&apos;,
      &apos;/tmp/8de11b50e04ec4f/node_modules/next/dist/bin/next&apos;
    ]
  }
}
/bin/bash -c &quot;oryx build /tmp/zipdeploy/extracted -o /home/site/wwwroot --platform nodejs --platform-version 20 -p virtualenv_name= --log-file /tmp/build-debug.log  -i /tmp/8de11b50e04ec4f -p compress_node_modules=tar-gz | tee /tmp/oryx-build.log ; exit $PIPESTATUS &quot;" stackTrace="   at Kudu.Core.Infrastructure.Executable.ExecuteInternal(ITracer tracer, Func`2 onWriteOutput, Func`2 onWriteError, CancellationToken token, Encoding encoding, String arguments, Object[] args) in /tmp/KuduLite/Kudu.Core/Infrastructure/Executable.cs:line 239
   at Kudu.Core.Infrastructure.Executable.ExecuteWithProgressWriter(ILogger logger, ITracer tracer, CancellationToken token, String arguments, Object[] args) in /tmp/KuduLite/Kudu.Core/Infrastructure/Executable.cs:line 118
   at Kudu.Core.Deployment.Generator.ExternalCommandBuilder.RunCommand(DeploymentContext context, String command, Boolean ignoreManifest, CancellationToken token, String message) in /tmp/KuduLite/Kudu.Core/Deployment/Generator/ExternalCommandBuilder.cs:line 122
   at Kudu.Core.Deployment.Generator.OryxBuilder.RunBuildCommand(IOryxArguments args, DeploymentContext context, CancellationToken token) in /tmp/KuduLite/Kudu.Core/Deployment/Generator/OryxBuilder.cs:line 295
   at Kudu.Core.Deployment.Generator.OryxBuilder.Build(DeploymentContext context, CancellationToken token) in /tmp/KuduLite/Kudu.Core/Deployment/Generator/OryxBuilder.cs:line 136
   at Kudu.Core.Deployment.DeploymentManager.Build(ChangeSet changeSet, ITracer tracer, IDisposable deployStep, IRepository repository, DeploymentInfoBase deploymentInfo, DeploymentAnalytics deploymentAnalytics, Boolean fullBuildByDefault, CancellationToken cancellationToken) in /tmp/KuduLite/Kudu.Core/Deployment/DeploymentManager.cs:line 771" /><!-- duration: 3ms -->
              <step title="Using GenericDeploymentLogParser" date="2025-10-22T21:51:09.459" /><!-- duration: 2ms -->
              <step title="Purge deployment items" date="2025-10-22T21:51:10.665" >
                <step title="Remove 34aceefa-, Failed, received at 10/22/2025 21:47:24" date="2025-10-22T21:51:10.709" /><!-- duration: 1ms -->
              </step><!-- duration: 47ms -->
            </step><!-- duration: 24936ms -->
          </step><!-- duration: 25062ms -->
          <step title="Error occurred" date="2025-10-22T21:51:10.720" type="error" text="npm warn deprecated @studio-freight/lenis@1.0.42: The &apos;@studio-freight/lenis&apos; package has been renamed to &apos;lenis&apos;. Please update your dependencies: npm install lenis and visit the documentation: https://www.npmjs.com/package/lenis
 ⚠ Installing TypeScript as it was not found while loading &quot;next.config.ts&quot;.
 ⨯ Failed to load next.config.ts, see more info here https://nextjs.org/docs/messages/next-config-error

&gt; Build error occurred
Error: Failed to transpile &quot;next.config.ts&quot;.
    at ignore-listed frames {
  [cause]: Error: Cannot find module &apos;typescript&apos;
  Require stack:
  - /tmp/8de11b50e04ec4f/node_modules/next/dist/build/next-config-ts/transpile-config.js
  - /tmp/8de11b50e04ec4f/node_modules/next/dist/server/config.js
  - /tmp/8de11b50e04ec4f/node_modules/next/dist/cli/next-test.js
  - /tmp/8de11b50e04ec4f/node_modules/next/dist/bin/next
      at ignore-listed frames {
    code: &apos;MODULE_NOT_FOUND&apos;,
    requireStack: [
      &apos;/tmp/8de11b50e04ec4f/node_modules/next/dist/build/next-config-ts/transpile-config.js&apos;,
      &apos;/tmp/8de11b50e04ec4f/node_modules/next/dist/server/config.js&apos;,
      &apos;/tmp/8de11b50e04ec4f/node_modules/next/dist/cli/next-test.js&apos;,
      &apos;/tmp/8de11b50e04ec4f/node_modules/next/dist/bin/next&apos;
    ]
  }
}
/bin/bash -c &quot;oryx build /tmp/zipdeploy/extracted -o /home/site/wwwroot --platform nodejs --platform-version 20 -p virtualenv_name= --log-file /tmp/build-debug.log  -i /tmp/8de11b50e04ec4f -p compress_node_modules=tar-gz | tee /tmp/oryx-build.log ; exit $PIPESTATUS &quot;" stackTrace="   at Kudu.Core.Infrastructure.Executable.ExecuteInternal(ITracer tracer, Func`2 onWriteOutput, Func`2 onWriteError, CancellationToken token, Encoding encoding, String arguments, Object[] args) in /tmp/KuduLite/Kudu.Core/Infrastructure/Executable.cs:line 239
   at Kudu.Core.Infrastructure.Executable.ExecuteWithProgressWriter(ILogger logger, ITracer tracer, CancellationToken token, String arguments, Object[] args) in /tmp/KuduLite/Kudu.Core/Infrastructure/Executable.cs:line 118
   at Kudu.Core.Deployment.Generator.ExternalCommandBuilder.RunCommand(DeploymentContext context, String command, Boolean ignoreManifest, CancellationToken token, String message) in /tmp/KuduLite/Kudu.Core/Deployment/Generator/ExternalCommandBuilder.cs:line 122
   at Kudu.Core.Deployment.Generator.OryxBuilder.RunBuildCommand(IOryxArguments args, DeploymentContext context, CancellationToken token) in /tmp/KuduLite/Kudu.Core/Deployment/Generator/OryxBuilder.cs:line 295
   at Kudu.Core.Deployment.Generator.OryxBuilder.Build(DeploymentContext context, CancellationToken token) in /tmp/KuduLite/Kudu.Core/Deployment/Generator/OryxBuilder.cs:line 136
   at Kudu.Core.Deployment.DeploymentManager.Build(ChangeSet changeSet, ITracer tracer, IDisposable deployStep, IRepository repository, DeploymentInfoBase deploymentInfo, DeploymentAnalytics deploymentAnalytics, Boolean fullBuildByDefault, CancellationToken cancellationToken) in /tmp/KuduLite/Kudu.Core/Deployment/DeploymentManager.cs:line 771
   at Kudu.Core.Deployment.DeploymentManager.Build(ChangeSet changeSet, ITracer tracer, IDisposable deployStep, IRepository repository, DeploymentInfoBase deploymentInfo, DeploymentAnalytics deploymentAnalytics, Boolean fullBuildByDefault, CancellationToken cancellationToken) in /tmp/KuduLite/Kudu.Core/Deployment/DeploymentManager.cs:line 840" /><!-- duration: 2ms -->
          <step title="Cleaning up temp files" date="2025-10-22T21:51:10.769" /><!-- duration: 706ms -->
          <step title="Cleaning up temp files" date="2025-10-22T21:51:11.477" /><!-- duration: 503ms -->
          <step title="Error occurred" date="2025-10-22T21:51:11.998" type="error" text="npm warn deprecated @studio-freight/lenis@1.0.42: The &apos;@studio-freight/lenis&apos; package has been renamed to &apos;lenis&apos;. Please update your dependencies: npm install lenis and visit the documentation: https://www.npmjs.com/package/lenis
 ⚠ Installing TypeScript as it was not found while loading &quot;next.config.ts&quot;.
 ⨯ Failed to load next.config.ts, see more info here https://nextjs.org/docs/messages/next-config-error

&gt; Build error occurred
Error: Failed to transpile &quot;next.config.ts&quot;.
    at ignore-listed frames {
  [cause]: Error: Cannot find module &apos;typescript&apos;
  Require stack:
  - /tmp/8de11b50e04ec4f/node_modules/next/dist/build/next-config-ts/transpile-config.js
  - /tmp/8de11b50e04ec4f/node_modules/next/dist/server/config.js
  - /tmp/8de11b50e04ec4f/node_modules/next/dist/cli/next-test.js
  - /tmp/8de11b50e04ec4f/node_modules/next/dist/bin/next
      at ignore-listed frames {
    code: &apos;MODULE_NOT_FOUND&apos;,
    requireStack: [
      &apos;/tmp/8de11b50e04ec4f/node_modules/next/dist/build/next-config-ts/transpile-config.js&apos;,
      &apos;/tmp/8de11b50e04ec4f/node_modules/next/dist/server/config.js&apos;,
      &apos;/tmp/8de11b50e04ec4f/node_modules/next/dist/cli/next-test.js&apos;,
      &apos;/tmp/8de11b50e04ec4f/node_modules/next/dist/bin/next&apos;
    ]
  }
}
/bin/bash -c &quot;oryx build /tmp/zipdeploy/extracted -o /home/site/wwwroot --platform nodejs --platform-version 20 -p virtualenv_name= --log-file /tmp/build-debug.log  -i /tmp/8de11b50e04ec4f -p compress_node_modules=tar-gz | tee /tmp/oryx-build.log ; exit $PIPESTATUS &quot;" stackTrace="   at Kudu.Core.Infrastructure.Executable.ExecuteInternal(ITracer tracer, Func`2 onWriteOutput, Func`2 onWriteError, CancellationToken token, Encoding encoding, String arguments, Object[] args) in /tmp/KuduLite/Kudu.Core/Infrastructure/Executable.cs:line 239
   at Kudu.Core.Infrastructure.Executable.ExecuteWithProgressWriter(ILogger logger, ITracer tracer, CancellationToken token, String arguments, Object[] args) in /tmp/KuduLite/Kudu.Core/Infrastructure/Executable.cs:line 118
   at Kudu.Core.Deployment.Generator.ExternalCommandBuilder.RunCommand(DeploymentContext context, String command, Boolean ignoreManifest, CancellationToken token, String message) in /tmp/KuduLite/Kudu.Core/Deployment/Generator/ExternalCommandBuilder.cs:line 122
   at Kudu.Core.Deployment.Generator.OryxBuilder.RunBuildCommand(IOryxArguments args, DeploymentContext context, CancellationToken token) in /tmp/KuduLite/Kudu.Core/Deployment/Generator/OryxBuilder.cs:line 295
   at Kudu.Core.Deployment.Generator.OryxBuilder.Build(DeploymentContext context, CancellationToken token) in /tmp/KuduLite/Kudu.Core/Deployment/Generator/OryxBuilder.cs:line 136
   at Kudu.Core.Deployment.DeploymentManager.Build(ChangeSet changeSet, ITracer tracer, IDisposable deployStep, IRepository repository, DeploymentInfoBase deploymentInfo, DeploymentAnalytics deploymentAnalytics, Boolean fullBuildByDefault, CancellationToken cancellationToken) in /tmp/KuduLite/Kudu.Core/Deployment/DeploymentManager.cs:line 771
   at Kudu.Core.Deployment.DeploymentManager.Build(ChangeSet changeSet, ITracer tracer, IDisposable deployStep, IRepository repository, DeploymentInfoBase deploymentInfo, DeploymentAnalytics deploymentAnalytics, Boolean fullBuildByDefault, CancellationToken cancellationToken) in /tmp/KuduLite/Kudu.Core/Deployment/DeploymentManager.cs:line 840
   at Kudu.Core.Deployment.DeploymentManager.DeployAsync(IRepository repository, ChangeSet changeSet, String deployer, Boolean clean, DeploymentInfoBase deploymentInfo, Boolean needFileUpdate, Boolean fullBuildByDefault) in /tmp/KuduLite/Kudu.Core/Deployment/DeploymentManager.cs:line 266" /><!-- duration: 2ms -->
        </step><!-- duration: 26447ms -->
        <step title="Reloading status file with latest updates" date="2025-10-22T21:51:12.039" >
          <step title="WebHooksManager.PublishEventAsync: PostDeployment" date="2025-10-22T21:51:12.041" /><!-- duration: 21ms -->
        </step><!-- duration: 25ms -->
        <step title="Error occurred" date="2025-10-22T21:51:12.066" type="error" text="npm warn deprecated @studio-freight/lenis@1.0.42: The &apos;@studio-freight/lenis&apos; package has been renamed to &apos;lenis&apos;. Please update your dependencies: npm install lenis and visit the documentation: https://www.npmjs.com/package/lenis
 ⚠ Installing TypeScript as it was not found while loading &quot;next.config.ts&quot;.
 ⨯ Failed to load next.config.ts, see more info here https://nextjs.org/docs/messages/next-config-error

&gt; Build error occurred
Error: Failed to transpile &quot;next.config.ts&quot;.
    at ignore-listed frames {
  [cause]: Error: Cannot find module &apos;typescript&apos;
  Require stack:
  - /tmp/8de11b50e04ec4f/node_modules/next/dist/build/next-config-ts/transpile-config.js
  - /tmp/8de11b50e04ec4f/node_modules/next/dist/server/config.js
  - /tmp/8de11b50e04ec4f/node_modules/next/dist/cli/next-test.js
  - /tmp/8de11b50e04ec4f/node_modules/next/dist/bin/next
      at ignore-listed frames {
    code: &apos;MODULE_NOT_FOUND&apos;,
    requireStack: [
      &apos;/tmp/8de11b50e04ec4f/node_modules/next/dist/build/next-config-ts/transpile-config.js&apos;,
      &apos;/tmp/8de11b50e04ec4f/node_modules/next/dist/server/config.js&apos;,
      &apos;/tmp/8de11b50e04ec4f/node_modules/next/dist/cli/next-test.js&apos;,
      &apos;/tmp/8de11b50e04ec4f/node_modules/next/dist/bin/next&apos;
    ]
  }
}
/bin/bash -c &quot;oryx build /tmp/zipdeploy/extracted -o /home/site/wwwroot --platform nodejs --platform-version 20 -p virtualenv_name= --log-file /tmp/build-debug.log  -i /tmp/8de11b50e04ec4f -p compress_node_modules=tar-gz | tee /tmp/oryx-build.log ; exit $PIPESTATUS &quot;" stackTrace="   at Kudu.Core.Infrastructure.Executable.ExecuteInternal(ITracer tracer, Func`2 onWriteOutput, Func`2 onWriteError, CancellationToken token, Encoding encoding, String arguments, Object[] args) in /tmp/KuduLite/Kudu.Core/Infrastructure/Executable.cs:line 239
   at Kudu.Core.Infrastructure.Executable.ExecuteWithProgressWriter(ILogger logger, ITracer tracer, CancellationToken token, String arguments, Object[] args) in /tmp/KuduLite/Kudu.Core/Infrastructure/Executable.cs:line 118
   at Kudu.Core.Deployment.Generator.ExternalCommandBuilder.RunCommand(DeploymentContext context, String command, Boolean ignoreManifest, CancellationToken token, String message) in /tmp/KuduLite/Kudu.Core/Deployment/Generator/ExternalCommandBuilder.cs:line 122
   at Kudu.Core.Deployment.Generator.OryxBuilder.RunBuildCommand(IOryxArguments args, DeploymentContext context, CancellationToken token) in /tmp/KuduLite/Kudu.Core/Deployment/Generator/OryxBuilder.cs:line 295
   at Kudu.Core.Deployment.Generator.OryxBuilder.Build(DeploymentContext context, CancellationToken token) in /tmp/KuduLite/Kudu.Core/Deployment/Generator/OryxBuilder.cs:line 136
   at Kudu.Core.Deployment.DeploymentManager.Build(ChangeSet changeSet, ITracer tracer, IDisposable deployStep, IRepository repository, DeploymentInfoBase deploymentInfo, DeploymentAnalytics deploymentAnalytics, Boolean fullBuildByDefault, CancellationToken cancellationToken) in /tmp/KuduLite/Kudu.Core/Deployment/DeploymentManager.cs:line 771
   at Kudu.Core.Deployment.DeploymentManager.Build(ChangeSet changeSet, ITracer tracer, IDisposable deployStep, IRepository repository, DeploymentInfoBase deploymentInfo, DeploymentAnalytics deploymentAnalytics, Boolean fullBuildByDefault, CancellationToken cancellationToken) in /tmp/KuduLite/Kudu.Core/Deployment/DeploymentManager.cs:line 840
   at Kudu.Core.Deployment.DeploymentManager.DeployAsync(IRepository repository, ChangeSet changeSet, String deployer, Boolean clean, DeploymentInfoBase deploymentInfo, Boolean needFileUpdate, Boolean fullBuildByDefault) in /tmp/KuduLite/Kudu.Core/Deployment/DeploymentManager.cs:line 266" /><!-- duration: 2ms -->
        <step title="Marking deployment as failed and cleaning up the temp deployment" date="2025-10-22T21:51:12.122" /><!-- duration: 2ms -->
      </step><!-- duration: 28470ms -->
      <step title="Error occurred" date="2025-10-22T21:51:12.247" type="error" text="One or more errors occurred. (Deployment failed)" stackTrace="   at System.Threading.Tasks.Task.ThrowIfExceptional(Boolean includeTaskCanceledExceptions)
   at System.Threading.Tasks.Task.Wait(Int32 millisecondsTimeout, CancellationToken cancellationToken)
   at System.Threading.Tasks.Task.Wait()
   at Kudu.Core.Deployment.FetchDeploymentManager.&lt;&gt;c__DisplayClass22_1.&lt;PerformBackgroundDeployment&gt;b__3() in /tmp/KuduLite/Kudu.Core/Deployment/FetchDeploymentManager.cs:line 414
   at Kudu.Contracts.Infrastructure.LockExtensions.TryLockOperation(IOperationLock lockObj, Action operation, String operationName, TimeSpan timeout) in /tmp/KuduLite/Kudu.Contracts/Infrastructure/LockExtensions.cs:line 34
   at Kudu.Contracts.Infrastructure.LockExtensions.LockOperation(IOperationLock lockObj, Action operation, String operationName, TimeSpan timeout) in /tmp/KuduLite/Kudu.Contracts/Infrastructure/LockExtensions.cs:line 46
   at Kudu.Core.Deployment.FetchDeploymentManager.&lt;&gt;c__DisplayClass22_0.&lt;PerformBackgroundDeployment&gt;b__1() in /tmp/KuduLite/Kudu.Core/Deployment/FetchDeploymentManager.cs:line 393" innerText="Deployment failed" innerStackTrace="   at Kudu.Core.Deployment.DeploymentManager.DeployAsync(IRepository repository, ChangeSet changeSet, String deployer, Boolean clean, DeploymentInfoBase deploymentInfo, Boolean needFileUpdate, Boolean fullBuildByDefault) in /tmp/KuduLite/Kudu.Core/Deployment/DeploymentManager.cs:line 307
   at Kudu.Core.Deployment.FetchDeploymentManager.PerformDeployment(DeploymentInfoBase deploymentInfo, IDisposable tempDeployment, ChangeSet tempChangeSet, DeployStatusApiResult updateStatusObj) in /tmp/KuduLite/Kudu.Core/Deployment/FetchDeploymentManager.cs:line 230" /><!-- duration: 1ms -->
    </step><!-- duration: 28482ms -->
