<step title="Incoming Request" date="2025-10-22T22:29:47.264" instance="2f0d54" url="/api/zipdeploy?isAsync=true" method="POST" type="request" pid="821,1,60" Accept="application/json" Host="app-rixoirdj4a3x6.scm.azurewebsites.net" User-Agent="azsdk-go-zip-deploy/1.0.0 (go1.25.0 X:loopvar; linux),azdev/1.20.1 (Go go1.25.0 X:loopvar; linux/amd64) GhActions" Accept-Encoding="gzip" Authorization="Bea..." Content-Type="application/octet-stream" Content-Length="2487568" x-ms-correlation-request-id="1fc3b13b0f42782a67bf497f6470b15e" X-ARR-LOG-ID="1fc3b13b-0f42-782a-67bf-497f6470b15e" CLIENT-IP="172.178.119.36:23584" X-SITE-DEPLOYMENT-ID="app-rixoirdj4a3x6" WAS-DEFAULT-HOSTNAME="app-rixoirdj4a3x6.scm.azurewebsites.net" X-Forwarded-Proto="https" X-AppService-Proto="https" X-Forwarded-TlsVersion="1.3" X-WAWS-Unencoded-URL="/api/zipdeploy?isAsync=true" X-Client-IP="172.178.119.36" X-Client-Port="23584" >
  <step title="ZipPushDeploy" date="2025-10-22T22:29:47.403" >
    <step title="ZipDeploy. Run from package. Ignore remote build." date="2025-10-22T22:29:47.407" /><!-- duration: 2ms -->
    <step title="None repository commit" date="2025-10-22T22:29:47.412" >
      <step title="Commit id: a30dacc7-2b84-4011-af79-10b50affc7b7" date="2025-10-22T22:29:47.414" Message="N/A" AuthorName="N/A" AuthorEmail="N/A" /><!-- duration: 2ms -->
    </step><!-- duration: 5ms -->
    <step title="Starting PushDeployAsync" date="2025-10-22T22:29:47.419" /><!-- duration: 1ms -->
    <step title="WEBSITE_RUN_FROM_PACKAGE is set to 1. Writing zip to SitePackagesPath" date="2025-10-22T22:29:47.425" /><!-- duration: 1ms -->
    <step title="Copying zip to SitePackages /home/data/SitePackages/20251022222947.zip from request body" date="2025-10-22T22:29:47.431" /><!-- duration: 1ms -->
    <step title="Writing multipart request body to /home/data/SitePackages/20251022222947.zip" date="2025-10-22T22:29:47.438" /><!-- duration: 2ms -->
    <step title="Start deployment in the background" date="2025-10-22T22:29:47.515" >
      <step title="Acquiring Deployment Lock" date="2025-10-22T22:29:47.522" /><!-- duration: 1ms -->
      <step title="Acquired Deployment Lock" date="2025-10-22T22:29:47.591" /><!-- duration: 1ms -->
    </step><!-- duration: 137ms -->
  </step><!-- duration: 252ms -->
  <step title="Outgoing response" date="2025-10-22T22:29:47.665" type="response" statusCode="202" statusText="Accepted" /><!-- duration: 2ms -->
</step><!-- duration: 404ms -->
