<step title="Incoming Request" date="2025-10-22T23:10:49.569" instance="2f0d54" url="/api/zipdeploy?isAsync=true" method="POST" type="request" pid="821,1,22" Accept="application/json" Host="app-rixoirdj4a3x6.scm.azurewebsites.net" User-Agent="azsdk-go-zip-deploy/1.0.0 (go1.25.0 X:loopvar; linux),azdev/1.20.1 (Go go1.25.0 X:loopvar; linux/amd64) GhActions" Accept-Encoding="gzip" Authorization="Bea..." Content-Type="application/octet-stream" Content-Length="2487680" x-ms-correlation-request-id="f5dec398aec14630621a4c398bc7ff1f" X-ARR-LOG-ID="f5dec398-aec1-4630-621a-4c398bc7ff1f" CLIENT-IP="64.236.140.193:51776" X-SITE-DEPLOYMENT-ID="app-rixoirdj4a3x6" WAS-DEFAULT-HOSTNAME="app-rixoirdj4a3x6.scm.azurewebsites.net" X-Forwarded-Proto="https" X-AppService-Proto="https" X-Forwarded-TlsVersion="1.3" X-WAWS-Unencoded-URL="/api/zipdeploy?isAsync=true" X-Client-IP="64.236.140.193" X-Client-Port="51776" >
  <step title="Cleanup Xml Logs" date="2025-10-22T23:10:49.570" /><!-- duration: 4ms -->
  <step title="ZipPushDeploy" date="2025-10-22T23:10:49.580" >
    <step title="ZipDeploy. Extract zip." date="2025-10-22T23:10:49.583" /><!-- duration: 1ms -->
    <step title="Starting PushDeployAsync" date="2025-10-22T23:10:49.587" /><!-- duration: 1ms -->
    <step title="Writing artifact to /tmp/zipdeploy/c6877dde-cac9-43a0-8d61-19430208c0b0.zip" date="2025-10-22T23:10:49.599" >
      <step title="Writing multipart request body to /tmp/zipdeploy/c6877dde-cac9-43a0-8d61-19430208c0b0.zip" date="2025-10-22T23:10:49.601" /><!-- duration: 2ms -->
    </step><!-- duration: 752ms -->
    <step title="Start deployment in the background" date="2025-10-22T23:10:50.356" >
      <step title="Acquiring Deployment Lock" date="2025-10-22T23:10:50.361" /><!-- duration: 1ms -->
      <step title="Acquired Deployment Lock" date="2025-10-22T23:10:50.379" /><!-- duration: 2ms -->
    </step><!-- duration: 105ms -->
  </step><!-- duration: 883ms -->
  <step title="Outgoing response" date="2025-10-22T23:10:50.465" type="response" statusCode="202" statusText="Accepted" /><!-- duration: 2ms -->
</step><!-- duration: 899ms -->
