<step title="BackgroundTrace" date="2025-10-22T23:10:50.358" instance="2f0d54" url="/api/zipdeploy" method="POST" >
  <step title="Creating temporary deployment - FetchDeploymentManager" date="2025-10-22T23:10:50.383" /><!-- duration: 1ms -->
  <step title="Creating temporary deployment" date="2025-10-22T23:10:50.392" /><!-- duration: 67ms -->
  <step title="Performing fetch based deployment" date="2025-10-22T23:10:50.473" >
    <step title="Cleaning up temp folders from previous zip deployments and extracting pushed zip file /tmp/zipdeploy/c6877dde-cac9-43a0-8d61-19430208c0b0.zip (2.37 MB) to /tmp/zipdeploy/extracted" date="2025-10-22T23:10:51.623" >
      <step title="ChmodRecursive Process exited with total time taken in ms: 13" date="2025-10-22T23:10:51.777" /><!-- duration: 2ms -->
    </step><!-- duration: 157ms -->
    <step title="Deployment timer started" date="2025-10-22T23:10:53.783" >
      <step title="DeploymentManager.Deploy(id:848e7ab4-2f1e-42b3-a62b-31d8e118d791)" date="2025-10-22T23:10:53.786" >
        <step title="Collecting changeset information" date="2025-10-22T23:10:53.805" /><!-- duration: 65ms -->
        <step title="Updating submodules" date="2025-10-22T23:10:53.876" /><!-- duration: 1108ms -->
        <step title="Determining deployment builder" date="2025-10-22T23:10:55.192" >
          <step title="Builder is BasicBuilder" date="2025-10-22T23:10:55.196" /><!-- duration: 2ms -->
        </step><!-- duration: 8ms -->
        <step title="PreDeployment: context.CleanOutputPath False" date="2025-10-22T23:10:55.241" >
          <step title="PreDeployment: context.OutputPath /home/site/wwwroot" date="2025-10-22T23:10:55.359" >
            <step title="Building" date="2025-10-22T23:10:55.486" >
              <step title="Executing external process" date="2025-10-22T23:10:55.739" type="process" path="starter.sh" arguments="/opt/Kudu/Scripts/parallel_rsync.sh /tmp/zipdeploy/extracted /home/site/wwwroot 8 /tmp/ False True  " /><!-- duration: 9924ms -->
              <step title="Triggering recycle (preview mode disabled)." date="2025-10-22T23:11:05.989" /><!-- duration: 2ms -->
              <step title="Modified file to trigger a restart of the app container." date="2025-10-22T23:11:06.006" /><!-- duration: 2ms -->
              <step title="Skip function trigger and logicapp sync because function is not enabled." date="2025-10-22T23:11:06.009" /><!-- duration: 2ms -->
              <step title="Purge deployment items" date="2025-10-22T23:11:06.737" >
                <step title="Remove 04950b3d-, Failed, received at 10/22/2025 23:05:41" date="2025-10-22T23:11:06.785" /><!-- duration: 1ms -->
              </step><!-- duration: 51ms -->
            </step><!-- duration: 11390ms -->
          </step><!-- duration: 11519ms -->
          <step title="Cleaning up temp files" date="2025-10-22T23:11:06.880" /><!-- duration: 2ms -->
          <step title="Cleaning up temp files" date="2025-10-22T23:11:06.883" /><!-- duration: 503ms -->
          <step title="Reloading status file with latest updates" date="2025-10-22T23:11:07.425" >
            <step title="WebHooksManager.PublishEventAsync: PostDeployment" date="2025-10-22T23:11:07.427" /><!-- duration: 18ms -->
          </step><!-- duration: 22ms -->
          <step title="Cleaning up temporary deployment - fetch deployment was successful" date="2025-10-22T23:11:07.449" /><!-- duration: 1ms -->
        </step><!-- duration: 12265ms -->
      </step><!-- duration: 13727ms -->
