<step title="BackgroundTrace" date="2025-10-22T21:31:43.820" instance="2f0d54" url="/api/zipdeploy" method="POST" >
  <step title="Creating temporary deployment - FetchDeploymentManager" date="2025-10-22T21:31:43.864" /><!-- duration: 1ms -->
  <step title="Creating temporary deployment" date="2025-10-22T21:31:43.867" /><!-- duration: 66ms -->
  <step title="Performing fetch based deployment" date="2025-10-22T21:31:43.946" >
    <step title="Cleaning up temp folders from previous zip deployments and extracting pushed zip file /tmp/zipdeploy/a82c2eb3-f205-4bed-8efa-71ad82203b37.zip (7.49 MB) to /tmp/zipdeploy/extracted" date="2025-10-22T21:31:45.082" >
      <step title="ChmodRecursive Process exited with total time taken in ms: 47" date="2025-10-22T21:31:45.442" /><!-- duration: 3ms -->
    </step><!-- duration: 364ms -->
    <step title="Deployment timer started" date="2025-10-22T21:31:47.450" >
      <step title="DeploymentManager.Deploy(id:557f8981-4aee-46b5-9824-baa67de337c2)" date="2025-10-22T21:31:47.453" >
        <step title="Collecting changeset information" date="2025-10-22T21:31:47.470" /><!-- duration: 110ms -->
        <step title="Updating submodules" date="2025-10-22T21:31:47.582" /><!-- duration: 1130ms -->
        <step title="Determining deployment builder" date="2025-10-22T21:31:48.946" >
          <step title="Builder is OryxBuilder" date="2025-10-22T21:31:48.952" /><!-- duration: 3ms -->
        </step><!-- duration: 12ms -->
        <step title="PreDeployment: context.CleanOutputPath False" date="2025-10-22T21:31:48.997" >
          <step title="PreDeployment: context.OutputPath /home/site/wwwroot" date="2025-10-22T21:31:49.103" >
            <step title="Building" date="2025-10-22T21:31:49.298" >
              <step title="Executing external process" date="2025-10-22T21:31:49.596" type="process" path="bash" arguments="-c &quot;oryx build /tmp/zipdeploy/extracted -o /home/site/wwwroot --platform nodejs --platform-version 20 -p virtualenv_name= --log-file /tmp/build-debug.log  -i /tmp/8de11b268945cd4 -p compress_node_modules=tar-gz | tee /tmp/oryx-build.log ; exit $PIPESTATUS &quot;" >
                <step title="Process dump" date="2025-10-22T21:32:08.792" exitCode="1" type="processOutput" /><!-- duration: 5ms -->
              </step><!-- duration: 19203ms -->
              <step title="Error occurred" date="2025-10-22T21:32:08.806" type="error" text="npm warn deprecated @studio-freight/lenis@1.0.42: The &apos;@studio-freight/lenis&apos; package has been renamed to &apos;lenis&apos;. Please update your dependencies: npm install lenis and visit the documentation: https://www.npmjs.com/package/lenis
 ⚠ Installing TypeScript as it was not found while loading &quot;next.config.ts&quot;.
 ⨯ Failed to load next.config.ts, see more info here https://nextjs.org/docs/messages/next-config-error

&gt; Build error occurred
Error: Failed to transpile &quot;next.config.ts&quot;.
    at ignore-listed frames {
  [cause]: Error: Cannot find module &apos;typescript&apos;
  Require stack:
  - /tmp/8de11b268945cd4/node_modules/next/dist/build/next-config-ts/transpile-config.js
  - /tmp/8de11b268945cd4/node_modules/next/dist/server/config.js
  - /tmp/8de11b268945cd4/node_modules/next/dist/cli/next-test.js
  - /tmp/8de11b268945cd4/node_modules/next/dist/bin/next
      at ignore-listed frames {
    code: &apos;MODULE_NOT_FOUND&apos;,
    requireStack: [
      &apos;/tmp/8de11b268945cd4/node_modules/next/dist/build/next-config-ts/transpile-config.js&apos;,
      &apos;/tmp/8de11b268945cd4/node_modules/next/dist/server/config.js&apos;,
      &apos;/tmp/8de11b268945cd4/node_modules/next/dist/cli/next-test.js&apos;,
      &apos;/tmp/8de11b268945cd4/node_modules/next/dist/bin/next&apos;
    ]
  }
}
/bin/bash -c &quot;oryx build /tmp/zipdeploy/extracted -o /home/site/wwwroot --platform nodejs --platform-version 20 -p virtualenv_name= --log-file /tmp/build-debug.log  -i /tmp/8de11b268945cd4 -p compress_node_modules=tar-gz | tee /tmp/oryx-build.log ; exit $PIPESTATUS &quot;" stackTrace="   at Kudu.Core.Infrastructure.Executable.ExecuteInternal(ITracer tracer, Func`2 onWriteOutput, Func`2 onWriteError, CancellationToken token, Encoding encoding, String arguments, Object[] args) in /tmp/KuduLite/Kudu.Core/Infrastructure/Executable.cs:line 239
   at Kudu.Core.Infrastructure.Executable.ExecuteWithProgressWriter(ILogger logger, ITracer tracer, CancellationToken token, String arguments, Object[] args) in /tmp/KuduLite/Kudu.Core/Infrastructure/Executable.cs:line 118
   at Kudu.Core.Deployment.Generator.ExternalCommandBuilder.RunCommand(DeploymentContext context, String command, Boolean ignoreManifest, CancellationToken token, String message) in /tmp/KuduLite/Kudu.Core/Deployment/Generator/ExternalCommandBuilder.cs:line 122" /><!-- duration: 2ms -->
              <step title="Error occurred" date="2025-10-22T21:32:08.814" type="error" text="npm warn deprecated @studio-freight/lenis@1.0.42: The &apos;@studio-freight/lenis&apos; package has been renamed to &apos;lenis&apos;. Please update your dependencies: npm install lenis and visit the documentation: https://www.npmjs.com/package/lenis
 ⚠ Installing TypeScript as it was not found while loading &quot;next.config.ts&quot;.
 ⨯ Failed to load next.config.ts, see more info here https://nextjs.org/docs/messages/next-config-error

&gt; Build error occurred
Error: Failed to transpile &quot;next.config.ts&quot;.
    at ignore-listed frames {
  [cause]: Error: Cannot find module &apos;typescript&apos;
  Require stack:
  - /tmp/8de11b268945cd4/node_modules/next/dist/build/next-config-ts/transpile-config.js
  - /tmp/8de11b268945cd4/node_modules/next/dist/server/config.js
  - /tmp/8de11b268945cd4/node_modules/next/dist/cli/next-test.js
  - /tmp/8de11b268945cd4/node_modules/next/dist/bin/next
      at ignore-listed frames {
    code: &apos;MODULE_NOT_FOUND&apos;,
    requireStack: [
      &apos;/tmp/8de11b268945cd4/node_modules/next/dist/build/next-config-ts/transpile-config.js&apos;,
      &apos;/tmp/8de11b268945cd4/node_modules/next/dist/server/config.js&apos;,
      &apos;/tmp/8de11b268945cd4/node_modules/next/dist/cli/next-test.js&apos;,
      &apos;/tmp/8de11b268945cd4/node_modules/next/dist/bin/next&apos;
    ]
  }
}
/bin/bash -c &quot;oryx build /tmp/zipdeploy/extracted -o /home/site/wwwroot --platform nodejs --platform-version 20 -p virtualenv_name= --log-file /tmp/build-debug.log  -i /tmp/8de11b268945cd4 -p compress_node_modules=tar-gz | tee /tmp/oryx-build.log ; exit $PIPESTATUS &quot;" stackTrace="   at Kudu.Core.Infrastructure.Executable.ExecuteInternal(ITracer tracer, Func`2 onWriteOutput, Func`2 onWriteError, CancellationToken token, Encoding encoding, String arguments, Object[] args) in /tmp/KuduLite/Kudu.Core/Infrastructure/Executable.cs:line 239
   at Kudu.Core.Infrastructure.Executable.ExecuteWithProgressWriter(ILogger logger, ITracer tracer, CancellationToken token, String arguments, Object[] args) in /tmp/KuduLite/Kudu.Core/Infrastructure/Executable.cs:line 118
   at Kudu.Core.Deployment.Generator.ExternalCommandBuilder.RunCommand(DeploymentContext context, String command, Boolean ignoreManifest, CancellationToken token, String message) in /tmp/KuduLite/Kudu.Core/Deployment/Generator/ExternalCommandBuilder.cs:line 122
   at Kudu.Core.Deployment.Generator.OryxBuilder.RunBuildCommand(IOryxArguments args, DeploymentContext context, CancellationToken token) in /tmp/KuduLite/Kudu.Core/Deployment/Generator/OryxBuilder.cs:line 295
   at Kudu.Core.Deployment.Generator.OryxBuilder.Build(DeploymentContext context, CancellationToken token) in /tmp/KuduLite/Kudu.Core/Deployment/Generator/OryxBuilder.cs:line 136
   at Kudu.Core.Deployment.DeploymentManager.Build(ChangeSet changeSet, ITracer tracer, IDisposable deployStep, IRepository repository, DeploymentInfoBase deploymentInfo, DeploymentAnalytics deploymentAnalytics, Boolean fullBuildByDefault, CancellationToken cancellationToken) in /tmp/KuduLite/Kudu.Core/Deployment/DeploymentManager.cs:line 771" /><!-- duration: 2ms -->
              <step title="Using GenericDeploymentLogParser" date="2025-10-22T21:32:09.030" /><!-- duration: 1ms -->
              <step title="Purge deployment items" date="2025-10-22T21:32:10.295" >
                <step title="Remove 9396cbd6-, Failed, received at 10/22/2025 21:29:56" date="2025-10-22T21:32:10.344" /><!-- duration: 2ms -->
              </step><!-- duration: 53ms -->
            </step><!-- duration: 21053ms -->
          </step><!-- duration: 21255ms -->
          <step title="Error occurred" date="2025-10-22T21:32:10.359" type="error" text="npm warn deprecated @studio-freight/lenis@1.0.42: The &apos;@studio-freight/lenis&apos; package has been renamed to &apos;lenis&apos;. Please update your dependencies: npm install lenis and visit the documentation: https://www.npmjs.com/package/lenis
 ⚠ Installing TypeScript as it was not found while loading &quot;next.config.ts&quot;.
 ⨯ Failed to load next.config.ts, see more info here https://nextjs.org/docs/messages/next-config-error

&gt; Build error occurred
Error: Failed to transpile &quot;next.config.ts&quot;.
    at ignore-listed frames {
  [cause]: Error: Cannot find module &apos;typescript&apos;
  Require stack:
  - /tmp/8de11b268945cd4/node_modules/next/dist/build/next-config-ts/transpile-config.js
  - /tmp/8de11b268945cd4/node_modules/next/dist/server/config.js
  - /tmp/8de11b268945cd4/node_modules/next/dist/cli/next-test.js
  - /tmp/8de11b268945cd4/node_modules/next/dist/bin/next
      at ignore-listed frames {
    code: &apos;MODULE_NOT_FOUND&apos;,
    requireStack: [
      &apos;/tmp/8de11b268945cd4/node_modules/next/dist/build/next-config-ts/transpile-config.js&apos;,
      &apos;/tmp/8de11b268945cd4/node_modules/next/dist/server/config.js&apos;,
      &apos;/tmp/8de11b268945cd4/node_modules/next/dist/cli/next-test.js&apos;,
      &apos;/tmp/8de11b268945cd4/node_modules/next/dist/bin/next&apos;
    ]
  }
}
/bin/bash -c &quot;oryx build /tmp/zipdeploy/extracted -o /home/site/wwwroot --platform nodejs --platform-version 20 -p virtualenv_name= --log-file /tmp/build-debug.log  -i /tmp/8de11b268945cd4 -p compress_node_modules=tar-gz | tee /tmp/oryx-build.log ; exit $PIPESTATUS &quot;" stackTrace="   at Kudu.Core.Infrastructure.Executable.ExecuteInternal(ITracer tracer, Func`2 onWriteOutput, Func`2 onWriteError, CancellationToken token, Encoding encoding, String arguments, Object[] args) in /tmp/KuduLite/Kudu.Core/Infrastructure/Executable.cs:line 239
   at Kudu.Core.Infrastructure.Executable.ExecuteWithProgressWriter(ILogger logger, ITracer tracer, CancellationToken token, String arguments, Object[] args) in /tmp/KuduLite/Kudu.Core/Infrastructure/Executable.cs:line 118
   at Kudu.Core.Deployment.Generator.ExternalCommandBuilder.RunCommand(DeploymentContext context, String command, Boolean ignoreManifest, CancellationToken token, String message) in /tmp/KuduLite/Kudu.Core/Deployment/Generator/ExternalCommandBuilder.cs:line 122
   at Kudu.Core.Deployment.Generator.OryxBuilder.RunBuildCommand(IOryxArguments args, DeploymentContext context, CancellationToken token) in /tmp/KuduLite/Kudu.Core/Deployment/Generator/OryxBuilder.cs:line 295
   at Kudu.Core.Deployment.Generator.OryxBuilder.Build(DeploymentContext context, CancellationToken token) in /tmp/KuduLite/Kudu.Core/Deployment/Generator/OryxBuilder.cs:line 136
   at Kudu.Core.Deployment.DeploymentManager.Build(ChangeSet changeSet, ITracer tracer, IDisposable deployStep, IRepository repository, DeploymentInfoBase deploymentInfo, DeploymentAnalytics deploymentAnalytics, Boolean fullBuildByDefault, CancellationToken cancellationToken) in /tmp/KuduLite/Kudu.Core/Deployment/DeploymentManager.cs:line 771
   at Kudu.Core.Deployment.DeploymentManager.Build(ChangeSet changeSet, ITracer tracer, IDisposable deployStep, IRepository repository, DeploymentInfoBase deploymentInfo, DeploymentAnalytics deploymentAnalytics, Boolean fullBuildByDefault, CancellationToken cancellationToken) in /tmp/KuduLite/Kudu.Core/Deployment/DeploymentManager.cs:line 840" /><!-- duration: 2ms -->
          <step title="Cleaning up temp files" date="2025-10-22T21:32:10.414" /><!-- duration: 1077ms -->
          <step title="Cleaning up temp files" date="2025-10-22T21:32:11.494" /><!-- duration: 530ms -->
          <step title="Error occurred" date="2025-10-22T21:32:12.073" type="error" text="npm warn deprecated @studio-freight/lenis@1.0.42: The &apos;@studio-freight/lenis&apos; package has been renamed to &apos;lenis&apos;. Please update your dependencies: npm install lenis and visit the documentation: https://www.npmjs.com/package/lenis
 ⚠ Installing TypeScript as it was not found while loading &quot;next.config.ts&quot;.
 ⨯ Failed to load next.config.ts, see more info here https://nextjs.org/docs/messages/next-config-error

&gt; Build error occurred
Error: Failed to transpile &quot;next.config.ts&quot;.
    at ignore-listed frames {
  [cause]: Error: Cannot find module &apos;typescript&apos;
  Require stack:
  - /tmp/8de11b268945cd4/node_modules/next/dist/build/next-config-ts/transpile-config.js
  - /tmp/8de11b268945cd4/node_modules/next/dist/server/config.js
  - /tmp/8de11b268945cd4/node_modules/next/dist/cli/next-test.js
  - /tmp/8de11b268945cd4/node_modules/next/dist/bin/next
      at ignore-listed frames {
    code: &apos;MODULE_NOT_FOUND&apos;,
    requireStack: [
      &apos;/tmp/8de11b268945cd4/node_modules/next/dist/build/next-config-ts/transpile-config.js&apos;,
      &apos;/tmp/8de11b268945cd4/node_modules/next/dist/server/config.js&apos;,
      &apos;/tmp/8de11b268945cd4/node_modules/next/dist/cli/next-test.js&apos;,
      &apos;/tmp/8de11b268945cd4/node_modules/next/dist/bin/next&apos;
    ]
  }
}
/bin/bash -c &quot;oryx build /tmp/zipdeploy/extracted -o /home/site/wwwroot --platform nodejs --platform-version 20 -p virtualenv_name= --log-file /tmp/build-debug.log  -i /tmp/8de11b268945cd4 -p compress_node_modules=tar-gz | tee /tmp/oryx-build.log ; exit $PIPESTATUS &quot;" stackTrace="   at Kudu.Core.Infrastructure.Executable.ExecuteInternal(ITracer tracer, Func`2 onWriteOutput, Func`2 onWriteError, CancellationToken token, Encoding encoding, String arguments, Object[] args) in /tmp/KuduLite/Kudu.Core/Infrastructure/Executable.cs:line 239
   at Kudu.Core.Infrastructure.Executable.ExecuteWithProgressWriter(ILogger logger, ITracer tracer, CancellationToken token, String arguments, Object[] args) in /tmp/KuduLite/Kudu.Core/Infrastructure/Executable.cs:line 118
   at Kudu.Core.Deployment.Generator.ExternalCommandBuilder.RunCommand(DeploymentContext context, String command, Boolean ignoreManifest, CancellationToken token, String message) in /tmp/KuduLite/Kudu.Core/Deployment/Generator/ExternalCommandBuilder.cs:line 122
   at Kudu.Core.Deployment.Generator.OryxBuilder.RunBuildCommand(IOryxArguments args, DeploymentContext context, CancellationToken token) in /tmp/KuduLite/Kudu.Core/Deployment/Generator/OryxBuilder.cs:line 295
   at Kudu.Core.Deployment.Generator.OryxBuilder.Build(DeploymentContext context, CancellationToken token) in /tmp/KuduLite/Kudu.Core/Deployment/Generator/OryxBuilder.cs:line 136
   at Kudu.Core.Deployment.DeploymentManager.Build(ChangeSet changeSet, ITracer tracer, IDisposable deployStep, IRepository repository, DeploymentInfoBase deploymentInfo, DeploymentAnalytics deploymentAnalytics, Boolean fullBuildByDefault, CancellationToken cancellationToken) in /tmp/KuduLite/Kudu.Core/Deployment/DeploymentManager.cs:line 771
   at Kudu.Core.Deployment.DeploymentManager.Build(ChangeSet changeSet, ITracer tracer, IDisposable deployStep, IRepository repository, DeploymentInfoBase deploymentInfo, DeploymentAnalytics deploymentAnalytics, Boolean fullBuildByDefault, CancellationToken cancellationToken) in /tmp/KuduLite/Kudu.Core/Deployment/DeploymentManager.cs:line 840
   at Kudu.Core.Deployment.DeploymentManager.DeployAsync(IRepository repository, ChangeSet changeSet, String deployer, Boolean clean, DeploymentInfoBase deploymentInfo, Boolean needFileUpdate, Boolean fullBuildByDefault) in /tmp/KuduLite/Kudu.Core/Deployment/DeploymentManager.cs:line 266" /><!-- duration: 2ms -->
        </step><!-- duration: 23080ms -->
        <step title="Reloading status file with latest updates" date="2025-10-22T21:32:12.117" >
          <step title="WebHooksManager.PublishEventAsync: PostDeployment" date="2025-10-22T21:32:12.179" /><!-- duration: 19ms -->
        </step><!-- duration: 82ms -->
        <step title="Error occurred" date="2025-10-22T21:32:12.200" type="error" text="npm warn deprecated @studio-freight/lenis@1.0.42: The &apos;@studio-freight/lenis&apos; package has been renamed to &apos;lenis&apos;. Please update your dependencies: npm install lenis and visit the documentation: https://www.npmjs.com/package/lenis
 ⚠ Installing TypeScript as it was not found while loading &quot;next.config.ts&quot;.
 ⨯ Failed to load next.config.ts, see more info here https://nextjs.org/docs/messages/next-config-error

&gt; Build error occurred
Error: Failed to transpile &quot;next.config.ts&quot;.
    at ignore-listed frames {
  [cause]: Error: Cannot find module &apos;typescript&apos;
  Require stack:
  - /tmp/8de11b268945cd4/node_modules/next/dist/build/next-config-ts/transpile-config.js
  - /tmp/8de11b268945cd4/node_modules/next/dist/server/config.js
  - /tmp/8de11b268945cd4/node_modules/next/dist/cli/next-test.js
  - /tmp/8de11b268945cd4/node_modules/next/dist/bin/next
      at ignore-listed frames {
    code: &apos;MODULE_NOT_FOUND&apos;,
    requireStack: [
      &apos;/tmp/8de11b268945cd4/node_modules/next/dist/build/next-config-ts/transpile-config.js&apos;,
      &apos;/tmp/8de11b268945cd4/node_modules/next/dist/server/config.js&apos;,
      &apos;/tmp/8de11b268945cd4/node_modules/next/dist/cli/next-test.js&apos;,
      &apos;/tmp/8de11b268945cd4/node_modules/next/dist/bin/next&apos;
    ]
  }
}
/bin/bash -c &quot;oryx build /tmp/zipdeploy/extracted -o /home/site/wwwroot --platform nodejs --platform-version 20 -p virtualenv_name= --log-file /tmp/build-debug.log  -i /tmp/8de11b268945cd4 -p compress_node_modules=tar-gz | tee /tmp/oryx-build.log ; exit $PIPESTATUS &quot;" stackTrace="   at Kudu.Core.Infrastructure.Executable.ExecuteInternal(ITracer tracer, Func`2 onWriteOutput, Func`2 onWriteError, CancellationToken token, Encoding encoding, String arguments, Object[] args) in /tmp/KuduLite/Kudu.Core/Infrastructure/Executable.cs:line 239
   at Kudu.Core.Infrastructure.Executable.ExecuteWithProgressWriter(ILogger logger, ITracer tracer, CancellationToken token, String arguments, Object[] args) in /tmp/KuduLite/Kudu.Core/Infrastructure/Executable.cs:line 118
   at Kudu.Core.Deployment.Generator.ExternalCommandBuilder.RunCommand(DeploymentContext context, String command, Boolean ignoreManifest, CancellationToken token, String message) in /tmp/KuduLite/Kudu.Core/Deployment/Generator/ExternalCommandBuilder.cs:line 122
   at Kudu.Core.Deployment.Generator.OryxBuilder.RunBuildCommand(IOryxArguments args, DeploymentContext context, CancellationToken token) in /tmp/KuduLite/Kudu.Core/Deployment/Generator/OryxBuilder.cs:line 295
   at Kudu.Core.Deployment.Generator.OryxBuilder.Build(DeploymentContext context, CancellationToken token) in /tmp/KuduLite/Kudu.Core/Deployment/Generator/OryxBuilder.cs:line 136
   at Kudu.Core.Deployment.DeploymentManager.Build(ChangeSet changeSet, ITracer tracer, IDisposable deployStep, IRepository repository, DeploymentInfoBase deploymentInfo, DeploymentAnalytics deploymentAnalytics, Boolean fullBuildByDefault, CancellationToken cancellationToken) in /tmp/KuduLite/Kudu.Core/Deployment/DeploymentManager.cs:line 771
   at Kudu.Core.Deployment.DeploymentManager.Build(ChangeSet changeSet, ITracer tracer, IDisposable deployStep, IRepository repository, DeploymentInfoBase deploymentInfo, DeploymentAnalytics deploymentAnalytics, Boolean fullBuildByDefault, CancellationToken cancellationToken) in /tmp/KuduLite/Kudu.Core/Deployment/DeploymentManager.cs:line 840
   at Kudu.Core.Deployment.DeploymentManager.DeployAsync(IRepository repository, ChangeSet changeSet, String deployer, Boolean clean, DeploymentInfoBase deploymentInfo, Boolean needFileUpdate, Boolean fullBuildByDefault) in /tmp/KuduLite/Kudu.Core/Deployment/DeploymentManager.cs:line 266" /><!-- duration: 1ms -->
        <step title="Marking deployment as failed and cleaning up the temp deployment" date="2025-10-22T21:32:12.252" /><!-- duration: 2ms -->
      </step><!-- duration: 24923ms -->
      <step title="Error occurred" date="2025-10-22T21:32:12.386" type="error" text="One or more errors occurred. (Deployment failed)" stackTrace="   at System.Threading.Tasks.Task.ThrowIfExceptional(Boolean includeTaskCanceledExceptions)
   at System.Threading.Tasks.Task.Wait(Int32 millisecondsTimeout, CancellationToken cancellationToken)
   at System.Threading.Tasks.Task.Wait()
   at Kudu.Core.Deployment.FetchDeploymentManager.&lt;&gt;c__DisplayClass22_1.&lt;PerformBackgroundDeployment&gt;b__3() in /tmp/KuduLite/Kudu.Core/Deployment/FetchDeploymentManager.cs:line 414
   at Kudu.Contracts.Infrastructure.LockExtensions.TryLockOperation(IOperationLock lockObj, Action operation, String operationName, TimeSpan timeout) in /tmp/KuduLite/Kudu.Contracts/Infrastructure/LockExtensions.cs:line 34
   at Kudu.Contracts.Infrastructure.LockExtensions.LockOperation(IOperationLock lockObj, Action operation, String operationName, TimeSpan timeout) in /tmp/KuduLite/Kudu.Contracts/Infrastructure/LockExtensions.cs:line 46
   at Kudu.Core.Deployment.FetchDeploymentManager.&lt;&gt;c__DisplayClass22_0.&lt;PerformBackgroundDeployment&gt;b__1() in /tmp/KuduLite/Kudu.Core/Deployment/FetchDeploymentManager.cs:line 393" innerText="Deployment failed" innerStackTrace="   at Kudu.Core.Deployment.DeploymentManager.DeployAsync(IRepository repository, ChangeSet changeSet, String deployer, Boolean clean, DeploymentInfoBase deploymentInfo, Boolean needFileUpdate, Boolean fullBuildByDefault) in /tmp/KuduLite/Kudu.Core/Deployment/DeploymentManager.cs:line 307
   at Kudu.Core.Deployment.FetchDeploymentManager.PerformDeployment(DeploymentInfoBase deploymentInfo, IDisposable tempDeployment, ChangeSet tempChangeSet, DeployStatusApiResult updateStatusObj) in /tmp/KuduLite/Kudu.Core/Deployment/FetchDeploymentManager.cs:line 230" /><!-- duration: 3ms -->
    </step><!-- duration: 24940ms -->
