﻿<?xml version="1.0" encoding="utf-8"?>
<deployment>
  <id>ed367497-2f9b-4e6a-8e0b-4a0e4fa60476</id>
  <author>N/A</author>
  <deployer>Push-Deployer</deployer>
  <authorEmail>N/A</authorEmail>
  <message>Created via a push deployment</message>
  <progress></progress>
  <status>Success</status>
  <statusText></statusText>
  <lastSuccessEndTime>2025-10-22T22:57:32.0175154Z</lastSuccessEndTime>
  <receivedTime>2025-10-22T22:57:26.2220067Z</receivedTime>
  <startTime>2025-10-22T22:57:27.5234335Z</startTime>
  <endTime>2025-10-22T22:57:32.0175154Z</endTime>
  <complete>True</complete>
  <is_temp>False</is_temp>
  <is_readonly>True</is_readonly>
  <buildSummary />
</deployment>