﻿<?xml version="1.0" encoding="utf-8"?>
<deployment>
  <id>a30dacc7-2b84-4011-af79-10b50affc7b7</id>
  <author>N/A</author>
  <deployer>Push-Deployer</deployer>
  <authorEmail>N/A</authorEmail>
  <message>Created via a push deployment</message>
  <progress></progress>
  <status>Success</status>
  <statusText></statusText>
  <lastSuccessEndTime>2025-10-22T22:29:53.7468565Z</lastSuccessEndTime>
  <receivedTime>2025-10-22T22:29:50.9398835Z</receivedTime>
  <startTime>2025-10-22T22:29:52.3039659Z</startTime>
  <endTime>2025-10-22T22:29:53.7468565Z</endTime>
  <complete>True</complete>
  <is_temp>False</is_temp>
  <is_readonly>True</is_readonly>
  <buildSummary />
</deployment>